<?xml version="1.0" encoding="UTF-8" standalone="yes"?>
<?mso-application progid="Word.Document"?>
<w:wordDocument xmlns:w="http://schemas.microsoft.com/office/word/2003/wordml" xmlns:v="urn:schemas-microsoft-com:vml" xmlns:w10="urn:schemas-microsoft-com:office:word" xmlns:sl="http://schemas.microsoft.com/schemaLibrary/2003/core" xmlns:aml="http://schemas.microsoft.com/aml/2001/core" xmlns:wx="http://schemas.microsoft.com/office/word/2003/auxHint" xmlns:o="urn:schemas-microsoft-com:office:office" xmlns:dt="uuid:C2F41010-65B3-11d1-A29F-00AA00C14882" w:macrosPresent="no" w:embeddedObjPresent="no" w:ocxPresent="no" xml:space="preserve"><o:DocumentProperties></o:DocumentProperties><w:fonts><w:defaultFonts w:ascii="Times New Roman" w:fareast="Times New Roman" w:h-ansi="Times New Roman" w:cs="Times New Roman"/></w:fonts><w:docPr></w:docPr><w:body><wx:sect><w:p><w:pPr></w:pPr><w:r><w:rPr><w:rFonts w:ascii="Monaco" w:h-ansi="Monaco" w:cs="Monaco"/><wx:font wx:val="Monaco"/><w:sz w:val="22"/><w:sz-cs w:val="22"/></w:rPr><w:t></w:t></w:r></w:p><w:p><w:pPr></w:pPr><w:r><w:rPr><w:rFonts w:ascii="Monaco" w:h-ansi="Monaco" w:cs="Monaco"/><wx:font wx:val="Monaco"/><w:sz w:val="22"/><w:sz-cs w:val="22"/><w:color w:val="008080"/></w:rPr><w:t>&lt;?</w:t></w:r><w:r><w:rPr><w:rFonts w:ascii="Monaco" w:h-ansi="Monaco" w:cs="Monaco"/><wx:font wx:val="Monaco"/><w:sz w:val="22"/><w:sz-cs w:val="22"/><w:color w:val="3F7F7F"/></w:rPr><w:t>xml</w:t></w:r><w:r><w:rPr><w:rFonts w:ascii="Monaco" w:h-ansi="Monaco" w:cs="Monaco"/><wx:font wx:val="Monaco"/><w:sz w:val="22"/><w:sz-cs w:val="22"/></w:rPr><w:t> </w:t></w:r><w:r><w:rPr><w:rFonts w:ascii="Monaco" w:h-ansi="Monaco" w:cs="Monaco"/><wx:font wx:val="Monaco"/><w:sz w:val="22"/><w:sz-cs w:val="22"/><w:color w:val="7F007F"/></w:rPr><w:t>version</w:t></w:r><w:r><w:rPr><w:rFonts w:ascii="Monaco" w:h-ansi="Monaco" w:cs="Monaco"/><wx:font wx:val="Monaco"/><w:sz w:val="22"/><w:sz-cs w:val="22"/></w:rPr><w:t>=</w:t></w:r><w:r><w:rPr><w:rFonts w:ascii="Monaco" w:h-ansi="Monaco" w:cs="Monaco"/><wx:font wx:val="Monaco"/><w:sz w:val="22"/><w:sz-cs w:val="22"/><w:color w:val="2A00FF"/></w:rPr><w:t>"1.0"</w:t></w:r><w:r><w:rPr><w:rFonts w:ascii="Monaco" w:h-ansi="Monaco" w:cs="Monaco"/><wx:font wx:val="Monaco"/><w:sz w:val="22"/><w:sz-cs w:val="22"/></w:rPr><w:t> </w:t></w:r><w:r><w:rPr><w:rFonts w:ascii="Monaco" w:h-ansi="Monaco" w:cs="Monaco"/><wx:font wx:val="Monaco"/><w:sz w:val="22"/><w:sz-cs w:val="22"/><w:color w:val="7F007F"/></w:rPr><w:t>encoding</w:t></w:r><w:r><w:rPr><w:rFonts w:ascii="Monaco" w:h-ansi="Monaco" w:cs="Monaco"/><wx:font wx:val="Monaco"/><w:sz w:val="22"/><w:sz-cs w:val="22"/></w:rPr><w:t>=</w:t></w:r><w:r><w:rPr><w:rFonts w:ascii="Monaco" w:h-ansi="Monaco" w:cs="Monaco"/><wx:font wx:val="Monaco"/><w:sz w:val="22"/><w:sz-cs w:val="22"/><w:color w:val="2A00FF"/></w:rPr><w:t>"utf-8"</w:t></w:r><w:r><w:rPr><w:rFonts w:ascii="Monaco" w:h-ansi="Monaco" w:cs="Monaco"/><wx:font wx:val="Monaco"/><w:sz w:val="22"/><w:sz-cs w:val="22"/><w:color w:val="008080"/></w:rPr><w:t>?&gt;</w:t></w:r><w:r><w:rPr><w:rFonts w:ascii="Monaco" w:h-ansi="Monaco" w:cs="Monaco"/><wx:font wx:val="Monaco"/><w:sz w:val="22"/><w:sz-cs w:val="22"/></w:rPr><w:t></w:t></w:r></w:p><w:p><w:pPr></w:pPr><w:r><w:rPr><w:rFonts w:ascii="Monaco" w:h-ansi="Monaco" w:cs="Monaco"/><wx:font wx:val="Monaco"/><w:sz w:val="22"/><w:sz-cs w:val="22"/><w:color w:val="008080"/></w:rPr><w:t>&lt;</w:t></w:r><w:r><w:rPr><w:rFonts w:ascii="Monaco" w:h-ansi="Monaco" w:cs="Monaco"/><wx:font wx:val="Monaco"/><w:sz w:val="22"/><w:sz-cs w:val="22"/><w:color w:val="3F7F7F"/></w:rPr><w:t>appengine-web-app</w:t></w:r><w:r><w:rPr><w:rFonts w:ascii="Monaco" w:h-ansi="Monaco" w:cs="Monaco"/><wx:font wx:val="Monaco"/><w:sz w:val="22"/><w:sz-cs w:val="22"/></w:rPr><w:t> </w:t></w:r><w:r><w:rPr><w:rFonts w:ascii="Monaco" w:h-ansi="Monaco" w:cs="Monaco"/><wx:font wx:val="Monaco"/><w:sz w:val="22"/><w:sz-cs w:val="22"/><w:color w:val="7F007F"/></w:rPr><w:t>xmlns</w:t></w:r><w:r><w:rPr><w:rFonts w:ascii="Monaco" w:h-ansi="Monaco" w:cs="Monaco"/><wx:font wx:val="Monaco"/><w:sz w:val="22"/><w:sz-cs w:val="22"/></w:rPr><w:t>=</w:t></w:r><w:r><w:rPr><w:rFonts w:ascii="Monaco" w:h-ansi="Monaco" w:cs="Monaco"/><wx:font wx:val="Monaco"/><w:sz w:val="22"/><w:sz-cs w:val="22"/><w:color w:val="2A00FF"/></w:rPr><w:t>"http://appengine.google.com/ns/1.0"</w:t></w:r><w:r><w:rPr><w:rFonts w:ascii="Monaco" w:h-ansi="Monaco" w:cs="Monaco"/><wx:font wx:val="Monaco"/><w:sz w:val="22"/><w:sz-cs w:val="22"/><w:color w:val="008080"/></w:rPr><w:t>&gt;</w:t></w:r><w:r><w:rPr><w:rFonts w:ascii="Monaco" w:h-ansi="Monaco" w:cs="Monaco"/><wx:font wx:val="Monaco"/><w:sz w:val="22"/><w:sz-cs w:val="22"/></w:rPr><w:t></w:t></w:r></w:p><w:p><w:pPr></w:pPr><w:r><w:rPr><w:rFonts w:ascii="Monaco" w:h-ansi="Monaco" w:cs="Monaco"/><wx:font wx:val="Monaco"/><w:sz w:val="22"/><w:sz-cs w:val="22"/></w:rPr><w:t>  </w:t></w:r><w:r><w:rPr><w:rFonts w:ascii="Monaco" w:h-ansi="Monaco" w:cs="Monaco"/><wx:font wx:val="Monaco"/><w:sz w:val="22"/><w:sz-cs w:val="22"/><w:color w:val="008080"/></w:rPr><w:t>&lt;</w:t></w:r><w:r><w:rPr><w:rFonts w:ascii="Monaco" w:h-ansi="Monaco" w:cs="Monaco"/><wx:font wx:val="Monaco"/><w:sz w:val="22"/><w:sz-cs w:val="22"/><w:color w:val="3F7F7F"/></w:rPr><w:t>application</w:t></w:r><w:r><w:rPr><w:rFonts w:ascii="Monaco" w:h-ansi="Monaco" w:cs="Monaco"/><wx:font wx:val="Monaco"/><w:sz w:val="22"/><w:sz-cs w:val="22"/><w:color w:val="008080"/></w:rPr><w:t>&gt;</w:t></w:r><w:r><w:rPr><w:rFonts w:ascii="Monaco" w:h-ansi="Monaco" w:cs="Monaco"/><wx:font wx:val="Monaco"/><w:sz w:val="22"/><w:sz-cs w:val="22"/></w:rPr><w:t>KAKAO</w:t></w:r><w:r><w:rPr><w:rFonts w:ascii="Monaco" w:h-ansi="Monaco" w:cs="Monaco"/><wx:font wx:val="Monaco"/><w:sz w:val="22"/><w:sz-cs w:val="22"/><w:color w:val="008080"/></w:rPr><w:t>&lt;/</w:t></w:r><w:r><w:rPr><w:rFonts w:ascii="Monaco" w:h-ansi="Monaco" w:cs="Monaco"/><wx:font wx:val="Monaco"/><w:sz w:val="22"/><w:sz-cs w:val="22"/><w:color w:val="3F7F7F"/></w:rPr><w:t>application</w:t></w:r><w:r><w:rPr><w:rFonts w:ascii="Monaco" w:h-ansi="Monaco" w:cs="Monaco"/><wx:font wx:val="Monaco"/><w:sz w:val="22"/><w:sz-cs w:val="22"/><w:color w:val="008080"/></w:rPr><w:t>&gt;</w:t></w:r><w:r><w:rPr><w:rFonts w:ascii="Monaco" w:h-ansi="Monaco" w:cs="Monaco"/><wx:font wx:val="Monaco"/><w:sz w:val="22"/><w:sz-cs w:val="22"/></w:rPr><w:t></w:t></w:r></w:p><w:p><w:pPr></w:pPr><w:r><w:rPr><w:rFonts w:ascii="Monaco" w:h-ansi="Monaco" w:cs="Monaco"/><wx:font wx:val="Monaco"/><w:sz w:val="22"/><w:sz-cs w:val="22"/></w:rPr><w:t>  </w:t></w:r><w:r><w:rPr><w:rFonts w:ascii="Monaco" w:h-ansi="Monaco" w:cs="Monaco"/><wx:font wx:val="Monaco"/><w:sz w:val="22"/><w:sz-cs w:val="22"/><w:color w:val="008080"/></w:rPr><w:t>&lt;</w:t></w:r><w:r><w:rPr><w:rFonts w:ascii="Monaco" w:h-ansi="Monaco" w:cs="Monaco"/><wx:font wx:val="Monaco"/><w:sz w:val="22"/><w:sz-cs w:val="22"/><w:color w:val="3F7F7F"/></w:rPr><w:t>version</w:t></w:r><w:r><w:rPr><w:rFonts w:ascii="Monaco" w:h-ansi="Monaco" w:cs="Monaco"/><wx:font wx:val="Monaco"/><w:sz w:val="22"/><w:sz-cs w:val="22"/><w:color w:val="008080"/></w:rPr><w:t>&gt;</w:t></w:r><w:r><w:rPr><w:rFonts w:ascii="Monaco" w:h-ansi="Monaco" w:cs="Monaco"/><wx:font wx:val="Monaco"/><w:sz w:val="22"/><w:sz-cs w:val="22"/></w:rPr><w:t>1</w:t></w:r><w:r><w:rPr><w:rFonts w:ascii="Monaco" w:h-ansi="Monaco" w:cs="Monaco"/><wx:font wx:val="Monaco"/><w:sz w:val="22"/><w:sz-cs w:val="22"/><w:color w:val="008080"/></w:rPr><w:t>&lt;/</w:t></w:r><w:r><w:rPr><w:rFonts w:ascii="Monaco" w:h-ansi="Monaco" w:cs="Monaco"/><wx:font wx:val="Monaco"/><w:sz w:val="22"/><w:sz-cs w:val="22"/><w:color w:val="3F7F7F"/></w:rPr><w:t>version</w:t></w:r><w:r><w:rPr><w:rFonts w:ascii="Monaco" w:h-ansi="Monaco" w:cs="Monaco"/><wx:font wx:val="Monaco"/><w:sz w:val="22"/><w:sz-cs w:val="22"/><w:color w:val="008080"/></w:rPr><w:t>&gt;</w:t></w:r><w:r><w:rPr><w:rFonts w:ascii="Monaco" w:h-ansi="Monaco" w:cs="Monaco"/><wx:font wx:val="Monaco"/><w:sz w:val="22"/><w:sz-cs w:val="22"/></w:rPr><w:t></w:t></w:r></w:p><w:p><w:pPr></w:pPr><w:r><w:rPr><w:rFonts w:ascii="Monaco" w:h-ansi="Monaco" w:cs="Monaco"/><wx:font wx:val="Monaco"/><w:sz w:val="22"/><w:sz-cs w:val="22"/></w:rPr><w:t></w:t></w:r></w:p><w:p><w:pPr></w:pPr><w:r><w:rPr><w:rFonts w:ascii="Monaco" w:h-ansi="Monaco" w:cs="Monaco"/><wx:font wx:val="Monaco"/><w:sz w:val="22"/><w:sz-cs w:val="22"/></w:rPr><w:t>  </w:t></w:r><w:r><w:rPr><w:rFonts w:ascii="Monaco" w:h-ansi="Monaco" w:cs="Monaco"/><wx:font wx:val="Monaco"/><w:sz w:val="22"/><w:sz-cs w:val="22"/><w:color w:val="008080"/></w:rPr><w:t>&lt;</w:t></w:r><w:r><w:rPr><w:rFonts w:ascii="Monaco" w:h-ansi="Monaco" w:cs="Monaco"/><wx:font wx:val="Monaco"/><w:sz w:val="22"/><w:sz-cs w:val="22"/><w:color w:val="3F7F7F"/></w:rPr><w:t>threadsafe</w:t></w:r><w:r><w:rPr><w:rFonts w:ascii="Monaco" w:h-ansi="Monaco" w:cs="Monaco"/><wx:font wx:val="Monaco"/><w:sz w:val="22"/><w:sz-cs w:val="22"/><w:color w:val="008080"/></w:rPr><w:t>&gt;</w:t></w:r><w:r><w:rPr><w:rFonts w:ascii="Monaco" w:h-ansi="Monaco" w:cs="Monaco"/><wx:font wx:val="Monaco"/><w:sz w:val="22"/><w:sz-cs w:val="22"/></w:rPr><w:t>true</w:t></w:r><w:r><w:rPr><w:rFonts w:ascii="Monaco" w:h-ansi="Monaco" w:cs="Monaco"/><wx:font wx:val="Monaco"/><w:sz w:val="22"/><w:sz-cs w:val="22"/><w:color w:val="008080"/></w:rPr><w:t>&lt;/</w:t></w:r><w:r><w:rPr><w:rFonts w:ascii="Monaco" w:h-ansi="Monaco" w:cs="Monaco"/><wx:font wx:val="Monaco"/><w:sz w:val="22"/><w:sz-cs w:val="22"/><w:color w:val="3F7F7F"/></w:rPr><w:t>threadsafe</w:t></w:r><w:r><w:rPr><w:rFonts w:ascii="Monaco" w:h-ansi="Monaco" w:cs="Monaco"/><wx:font wx:val="Monaco"/><w:sz w:val="22"/><w:sz-cs w:val="22"/><w:color w:val="008080"/></w:rPr><w:t>&gt;</w:t></w:r><w:r><w:rPr><w:rFonts w:ascii="Monaco" w:h-ansi="Monaco" w:cs="Monaco"/><wx:font wx:val="Monaco"/><w:sz w:val="22"/><w:sz-cs w:val="22"/></w:rPr><w:t></w:t></w:r></w:p><w:p><w:pPr></w:pPr><w:r><w:rPr><w:rFonts w:ascii="Monaco" w:h-ansi="Monaco" w:cs="Monaco"/><wx:font wx:val="Monaco"/><w:sz w:val="22"/><w:sz-cs w:val="22"/></w:rPr><w:t></w:t></w:r></w:p><w:p><w:pPr></w:pPr><w:r><w:rPr><w:rFonts w:ascii="Monaco" w:h-ansi="Monaco" w:cs="Monaco"/><wx:font wx:val="Monaco"/><w:sz w:val="22"/><w:sz-cs w:val="22"/></w:rPr><w:t>  </w:t></w:r><w:r><w:rPr><w:rFonts w:ascii="Monaco" w:h-ansi="Monaco" w:cs="Monaco"/><wx:font wx:val="Monaco"/><w:sz w:val="22"/><w:sz-cs w:val="22"/><w:color w:val="3F5FBF"/></w:rPr><w:t>&lt;!-- Configure serving/caching of GWT files --&gt;</w:t></w:r><w:r><w:rPr><w:rFonts w:ascii="Monaco" w:h-ansi="Monaco" w:cs="Monaco"/><wx:font wx:val="Monaco"/><w:sz w:val="22"/><w:sz-cs w:val="22"/></w:rPr><w:t></w:t></w:r></w:p><w:p><w:pPr></w:pPr><w:r><w:rPr><w:rFonts w:ascii="Monaco" w:h-ansi="Monaco" w:cs="Monaco"/><wx:font wx:val="Monaco"/><w:sz w:val="22"/><w:sz-cs w:val="22"/></w:rPr><w:t>  </w:t></w:r><w:r><w:rPr><w:rFonts w:ascii="Monaco" w:h-ansi="Monaco" w:cs="Monaco"/><wx:font wx:val="Monaco"/><w:sz w:val="22"/><w:sz-cs w:val="22"/><w:color w:val="008080"/></w:rPr><w:t>&lt;</w:t></w:r><w:r><w:rPr><w:rFonts w:ascii="Monaco" w:h-ansi="Monaco" w:cs="Monaco"/><wx:font wx:val="Monaco"/><w:sz w:val="22"/><w:sz-cs w:val="22"/><w:color w:val="3F7F7F"/></w:rPr><w:t>static-files</w:t></w:r><w:r><w:rPr><w:rFonts w:ascii="Monaco" w:h-ansi="Monaco" w:cs="Monaco"/><wx:font wx:val="Monaco"/><w:sz w:val="22"/><w:sz-cs w:val="22"/><w:color w:val="008080"/></w:rPr><w:t>&gt;</w:t></w:r><w:r><w:rPr><w:rFonts w:ascii="Monaco" w:h-ansi="Monaco" w:cs="Monaco"/><wx:font wx:val="Monaco"/><w:sz w:val="22"/><w:sz-cs w:val="22"/></w:rPr><w:t></w:t></w:r></w:p><w:p><w:pPr></w:pPr><w:r><w:rPr><w:rFonts w:ascii="Monaco" w:h-ansi="Monaco" w:cs="Monaco"/><wx:font wx:val="Monaco"/><w:sz w:val="22"/><w:sz-cs w:val="22"/></w:rPr><w:t>    </w:t></w:r><w:r><w:rPr><w:rFonts w:ascii="Monaco" w:h-ansi="Monaco" w:cs="Monaco"/><wx:font wx:val="Monaco"/><w:sz w:val="22"/><w:sz-cs w:val="22"/><w:color w:val="008080"/></w:rPr><w:t>&lt;</w:t></w:r><w:r><w:rPr><w:rFonts w:ascii="Monaco" w:h-ansi="Monaco" w:cs="Monaco"/><wx:font wx:val="Monaco"/><w:sz w:val="22"/><w:sz-cs w:val="22"/><w:color w:val="3F7F7F"/></w:rPr><w:t>include</w:t></w:r><w:r><w:rPr><w:rFonts w:ascii="Monaco" w:h-ansi="Monaco" w:cs="Monaco"/><wx:font wx:val="Monaco"/><w:sz w:val="22"/><w:sz-cs w:val="22"/></w:rPr><w:t> </w:t></w:r><w:r><w:rPr><w:rFonts w:ascii="Monaco" w:h-ansi="Monaco" w:cs="Monaco"/><wx:font wx:val="Monaco"/><w:sz w:val="22"/><w:sz-cs w:val="22"/><w:color w:val="7F007F"/></w:rPr><w:t>path</w:t></w:r><w:r><w:rPr><w:rFonts w:ascii="Monaco" w:h-ansi="Monaco" w:cs="Monaco"/><wx:font wx:val="Monaco"/><w:sz w:val="22"/><w:sz-cs w:val="22"/></w:rPr><w:t>=</w:t></w:r><w:r><w:rPr><w:rFonts w:ascii="Monaco" w:h-ansi="Monaco" w:cs="Monaco"/><wx:font wx:val="Monaco"/><w:sz w:val="22"/><w:sz-cs w:val="22"/><w:color w:val="2A00FF"/></w:rPr><w:t>"**"</w:t></w:r><w:r><w:rPr><w:rFonts w:ascii="Monaco" w:h-ansi="Monaco" w:cs="Monaco"/><wx:font wx:val="Monaco"/><w:sz w:val="22"/><w:sz-cs w:val="22"/></w:rPr><w:t> </w:t></w:r><w:r><w:rPr><w:rFonts w:ascii="Monaco" w:h-ansi="Monaco" w:cs="Monaco"/><wx:font wx:val="Monaco"/><w:sz w:val="22"/><w:sz-cs w:val="22"/><w:color w:val="008080"/></w:rPr><w:t>/&gt;</w:t></w:r><w:r><w:rPr><w:rFonts w:ascii="Monaco" w:h-ansi="Monaco" w:cs="Monaco"/><wx:font wx:val="Monaco"/><w:sz w:val="22"/><w:sz-cs w:val="22"/></w:rPr><w:t></w:t></w:r></w:p><w:p><w:pPr></w:pPr><w:r><w:rPr><w:rFonts w:ascii="Monaco" w:h-ansi="Monaco" w:cs="Monaco"/><wx:font wx:val="Monaco"/><w:sz w:val="22"/><w:sz-cs w:val="22"/></w:rPr><w:t></w:t></w:r></w:p><w:p><w:pPr></w:pPr><w:r><w:rPr><w:rFonts w:ascii="Monaco" w:h-ansi="Monaco" w:cs="Monaco"/><wx:font wx:val="Monaco"/><w:sz w:val="22"/><w:sz-cs w:val="22"/></w:rPr><w:t>    </w:t></w:r><w:r><w:rPr><w:rFonts w:ascii="Monaco" w:h-ansi="Monaco" w:cs="Monaco"/><wx:font wx:val="Monaco"/><w:sz w:val="22"/><w:sz-cs w:val="22"/><w:color w:val="3F5FBF"/></w:rPr><w:t>&lt;!-- The following line requires App Engine 1.3.2 SDK --&gt;</w:t></w:r><w:r><w:rPr><w:rFonts w:ascii="Monaco" w:h-ansi="Monaco" w:cs="Monaco"/><wx:font wx:val="Monaco"/><w:sz w:val="22"/><w:sz-cs w:val="22"/></w:rPr><w:t></w:t></w:r></w:p><w:p><w:pPr></w:pPr><w:r><w:rPr><w:rFonts w:ascii="Monaco" w:h-ansi="Monaco" w:cs="Monaco"/><wx:font wx:val="Monaco"/><w:sz w:val="22"/><w:sz-cs w:val="22"/></w:rPr><w:t>    </w:t></w:r><w:r><w:rPr><w:rFonts w:ascii="Monaco" w:h-ansi="Monaco" w:cs="Monaco"/><wx:font wx:val="Monaco"/><w:sz w:val="22"/><w:sz-cs w:val="22"/><w:color w:val="008080"/></w:rPr><w:t>&lt;</w:t></w:r><w:r><w:rPr><w:rFonts w:ascii="Monaco" w:h-ansi="Monaco" w:cs="Monaco"/><wx:font wx:val="Monaco"/><w:sz w:val="22"/><w:sz-cs w:val="22"/><w:color w:val="3F7F7F"/></w:rPr><w:t>include</w:t></w:r><w:r><w:rPr><w:rFonts w:ascii="Monaco" w:h-ansi="Monaco" w:cs="Monaco"/><wx:font wx:val="Monaco"/><w:sz w:val="22"/><w:sz-cs w:val="22"/></w:rPr><w:t> </w:t></w:r><w:r><w:rPr><w:rFonts w:ascii="Monaco" w:h-ansi="Monaco" w:cs="Monaco"/><wx:font wx:val="Monaco"/><w:sz w:val="22"/><w:sz-cs w:val="22"/><w:color w:val="7F007F"/></w:rPr><w:t>path</w:t></w:r><w:r><w:rPr><w:rFonts w:ascii="Monaco" w:h-ansi="Monaco" w:cs="Monaco"/><wx:font wx:val="Monaco"/><w:sz w:val="22"/><w:sz-cs w:val="22"/></w:rPr><w:t>=</w:t></w:r><w:r><w:rPr><w:rFonts w:ascii="Monaco" w:h-ansi="Monaco" w:cs="Monaco"/><wx:font wx:val="Monaco"/><w:sz w:val="22"/><w:sz-cs w:val="22"/><w:color w:val="2A00FF"/></w:rPr><w:t>"**.nocache.*"</w:t></w:r><w:r><w:rPr><w:rFonts w:ascii="Monaco" w:h-ansi="Monaco" w:cs="Monaco"/><wx:font wx:val="Monaco"/><w:sz w:val="22"/><w:sz-cs w:val="22"/></w:rPr><w:t> </w:t></w:r><w:r><w:rPr><w:rFonts w:ascii="Monaco" w:h-ansi="Monaco" w:cs="Monaco"/><wx:font wx:val="Monaco"/><w:sz w:val="22"/><w:sz-cs w:val="22"/><w:color w:val="7F007F"/></w:rPr><w:t>expiration</w:t></w:r><w:r><w:rPr><w:rFonts w:ascii="Monaco" w:h-ansi="Monaco" w:cs="Monaco"/><wx:font wx:val="Monaco"/><w:sz w:val="22"/><w:sz-cs w:val="22"/></w:rPr><w:t>=</w:t></w:r><w:r><w:rPr><w:rFonts w:ascii="Monaco" w:h-ansi="Monaco" w:cs="Monaco"/><wx:font wx:val="Monaco"/><w:sz w:val="22"/><w:sz-cs w:val="22"/><w:color w:val="2A00FF"/></w:rPr><w:t>"0s"</w:t></w:r><w:r><w:rPr><w:rFonts w:ascii="Monaco" w:h-ansi="Monaco" w:cs="Monaco"/><wx:font wx:val="Monaco"/><w:sz w:val="22"/><w:sz-cs w:val="22"/></w:rPr><w:t> </w:t></w:r><w:r><w:rPr><w:rFonts w:ascii="Monaco" w:h-ansi="Monaco" w:cs="Monaco"/><wx:font wx:val="Monaco"/><w:sz w:val="22"/><w:sz-cs w:val="22"/><w:color w:val="008080"/></w:rPr><w:t>/&gt;</w:t></w:r><w:r><w:rPr><w:rFonts w:ascii="Monaco" w:h-ansi="Monaco" w:cs="Monaco"/><wx:font wx:val="Monaco"/><w:sz w:val="22"/><w:sz-cs w:val="22"/></w:rPr><w:t></w:t></w:r></w:p><w:p><w:pPr></w:pPr><w:r><w:rPr><w:rFonts w:ascii="Monaco" w:h-ansi="Monaco" w:cs="Monaco"/><wx:font wx:val="Monaco"/><w:sz w:val="22"/><w:sz-cs w:val="22"/></w:rPr><w:t></w:t></w:r></w:p><w:p><w:pPr></w:pPr><w:r><w:rPr><w:rFonts w:ascii="Monaco" w:h-ansi="Monaco" w:cs="Monaco"/><wx:font wx:val="Monaco"/><w:sz w:val="22"/><w:sz-cs w:val="22"/></w:rPr><w:t>    </w:t></w:r><w:r><w:rPr><w:rFonts w:ascii="Monaco" w:h-ansi="Monaco" w:cs="Monaco"/><wx:font wx:val="Monaco"/><w:sz w:val="22"/><w:sz-cs w:val="22"/><w:color w:val="008080"/></w:rPr><w:t>&lt;</w:t></w:r><w:r><w:rPr><w:rFonts w:ascii="Monaco" w:h-ansi="Monaco" w:cs="Monaco"/><wx:font wx:val="Monaco"/><w:sz w:val="22"/><w:sz-cs w:val="22"/><w:color w:val="3F7F7F"/></w:rPr><w:t>include</w:t></w:r><w:r><w:rPr><w:rFonts w:ascii="Monaco" w:h-ansi="Monaco" w:cs="Monaco"/><wx:font wx:val="Monaco"/><w:sz w:val="22"/><w:sz-cs w:val="22"/></w:rPr><w:t> </w:t></w:r><w:r><w:rPr><w:rFonts w:ascii="Monaco" w:h-ansi="Monaco" w:cs="Monaco"/><wx:font wx:val="Monaco"/><w:sz w:val="22"/><w:sz-cs w:val="22"/><w:color w:val="7F007F"/></w:rPr><w:t>path</w:t></w:r><w:r><w:rPr><w:rFonts w:ascii="Monaco" w:h-ansi="Monaco" w:cs="Monaco"/><wx:font wx:val="Monaco"/><w:sz w:val="22"/><w:sz-cs w:val="22"/></w:rPr><w:t>=</w:t></w:r><w:r><w:rPr><w:rFonts w:ascii="Monaco" w:h-ansi="Monaco" w:cs="Monaco"/><wx:font wx:val="Monaco"/><w:sz w:val="22"/><w:sz-cs w:val="22"/><w:color w:val="2A00FF"/></w:rPr><w:t>"**.cache.*"</w:t></w:r><w:r><w:rPr><w:rFonts w:ascii="Monaco" w:h-ansi="Monaco" w:cs="Monaco"/><wx:font wx:val="Monaco"/><w:sz w:val="22"/><w:sz-cs w:val="22"/></w:rPr><w:t> </w:t></w:r><w:r><w:rPr><w:rFonts w:ascii="Monaco" w:h-ansi="Monaco" w:cs="Monaco"/><wx:font wx:val="Monaco"/><w:sz w:val="22"/><w:sz-cs w:val="22"/><w:color w:val="7F007F"/></w:rPr><w:t>expiration</w:t></w:r><w:r><w:rPr><w:rFonts w:ascii="Monaco" w:h-ansi="Monaco" w:cs="Monaco"/><wx:font wx:val="Monaco"/><w:sz w:val="22"/><w:sz-cs w:val="22"/></w:rPr><w:t>=</w:t></w:r><w:r><w:rPr><w:rFonts w:ascii="Monaco" w:h-ansi="Monaco" w:cs="Monaco"/><wx:font wx:val="Monaco"/><w:sz w:val="22"/><w:sz-cs w:val="22"/><w:color w:val="2A00FF"/></w:rPr><w:t>"365d"</w:t></w:r><w:r><w:rPr><w:rFonts w:ascii="Monaco" w:h-ansi="Monaco" w:cs="Monaco"/><wx:font wx:val="Monaco"/><w:sz w:val="22"/><w:sz-cs w:val="22"/></w:rPr><w:t> </w:t></w:r><w:r><w:rPr><w:rFonts w:ascii="Monaco" w:h-ansi="Monaco" w:cs="Monaco"/><wx:font wx:val="Monaco"/><w:sz w:val="22"/><w:sz-cs w:val="22"/><w:color w:val="008080"/></w:rPr><w:t>/&gt;</w:t></w:r><w:r><w:rPr><w:rFonts w:ascii="Monaco" w:h-ansi="Monaco" w:cs="Monaco"/><wx:font wx:val="Monaco"/><w:sz w:val="22"/><w:sz-cs w:val="22"/></w:rPr><w:t></w:t></w:r></w:p><w:p><w:pPr></w:pPr><w:r><w:rPr><w:rFonts w:ascii="Monaco" w:h-ansi="Monaco" w:cs="Monaco"/><wx:font wx:val="Monaco"/><w:sz w:val="22"/><w:sz-cs w:val="22"/></w:rPr><w:t>    </w:t></w:r><w:r><w:rPr><w:rFonts w:ascii="Monaco" w:h-ansi="Monaco" w:cs="Monaco"/><wx:font wx:val="Monaco"/><w:sz w:val="22"/><w:sz-cs w:val="22"/><w:color w:val="008080"/></w:rPr><w:t>&lt;</w:t></w:r><w:r><w:rPr><w:rFonts w:ascii="Monaco" w:h-ansi="Monaco" w:cs="Monaco"/><wx:font wx:val="Monaco"/><w:sz w:val="22"/><w:sz-cs w:val="22"/><w:color w:val="3F7F7F"/></w:rPr><w:t>exclude</w:t></w:r><w:r><w:rPr><w:rFonts w:ascii="Monaco" w:h-ansi="Monaco" w:cs="Monaco"/><wx:font wx:val="Monaco"/><w:sz w:val="22"/><w:sz-cs w:val="22"/></w:rPr><w:t> </w:t></w:r><w:r><w:rPr><w:rFonts w:ascii="Monaco" w:h-ansi="Monaco" w:cs="Monaco"/><wx:font wx:val="Monaco"/><w:sz w:val="22"/><w:sz-cs w:val="22"/><w:color w:val="7F007F"/></w:rPr><w:t>path</w:t></w:r><w:r><w:rPr><w:rFonts w:ascii="Monaco" w:h-ansi="Monaco" w:cs="Monaco"/><wx:font wx:val="Monaco"/><w:sz w:val="22"/><w:sz-cs w:val="22"/></w:rPr><w:t>=</w:t></w:r><w:r><w:rPr><w:rFonts w:ascii="Monaco" w:h-ansi="Monaco" w:cs="Monaco"/><wx:font wx:val="Monaco"/><w:sz w:val="22"/><w:sz-cs w:val="22"/><w:color w:val="2A00FF"/></w:rPr><w:t>"**.gwt.rpc"</w:t></w:r><w:r><w:rPr><w:rFonts w:ascii="Monaco" w:h-ansi="Monaco" w:cs="Monaco"/><wx:font wx:val="Monaco"/><w:sz w:val="22"/><w:sz-cs w:val="22"/></w:rPr><w:t> </w:t></w:r><w:r><w:rPr><w:rFonts w:ascii="Monaco" w:h-ansi="Monaco" w:cs="Monaco"/><wx:font wx:val="Monaco"/><w:sz w:val="22"/><w:sz-cs w:val="22"/><w:color w:val="008080"/></w:rPr><w:t>/&gt;</w:t></w:r><w:r><w:rPr><w:rFonts w:ascii="Monaco" w:h-ansi="Monaco" w:cs="Monaco"/><wx:font wx:val="Monaco"/><w:sz w:val="22"/><w:sz-cs w:val="22"/></w:rPr><w:t></w:t></w:r></w:p><w:p><w:pPr></w:pPr><w:r><w:rPr><w:rFonts w:ascii="Monaco" w:h-ansi="Monaco" w:cs="Monaco"/><wx:font wx:val="Monaco"/><w:sz w:val="22"/><w:sz-cs w:val="22"/></w:rPr><w:t>  </w:t></w:r><w:r><w:rPr><w:rFonts w:ascii="Monaco" w:h-ansi="Monaco" w:cs="Monaco"/><wx:font wx:val="Monaco"/><w:sz w:val="22"/><w:sz-cs w:val="22"/><w:color w:val="008080"/></w:rPr><w:t>&lt;/</w:t></w:r><w:r><w:rPr><w:rFonts w:ascii="Monaco" w:h-ansi="Monaco" w:cs="Monaco"/><wx:font wx:val="Monaco"/><w:sz w:val="22"/><w:sz-cs w:val="22"/><w:color w:val="3F7F7F"/></w:rPr><w:t>static-files</w:t></w:r><w:r><w:rPr><w:rFonts w:ascii="Monaco" w:h-ansi="Monaco" w:cs="Monaco"/><wx:font wx:val="Monaco"/><w:sz w:val="22"/><w:sz-cs w:val="22"/><w:color w:val="008080"/></w:rPr><w:t>&gt;</w:t></w:r><w:r><w:rPr><w:rFonts w:ascii="Monaco" w:h-ansi="Monaco" w:cs="Monaco"/><wx:font wx:val="Monaco"/><w:sz w:val="22"/><w:sz-cs w:val="22"/></w:rPr><w:t></w:t></w:r></w:p><w:p><w:pPr></w:pPr><w:r><w:rPr><w:rFonts w:ascii="Monaco" w:h-ansi="Monaco" w:cs="Monaco"/><wx:font wx:val="Monaco"/><w:sz w:val="22"/><w:sz-cs w:val="22"/></w:rPr><w:t></w:t></w:r></w:p><w:p><w:pPr></w:pPr><w:r><w:rPr><w:rFonts w:ascii="Monaco" w:h-ansi="Monaco" w:cs="Monaco"/><wx:font wx:val="Monaco"/><w:sz w:val="22"/><w:sz-cs w:val="22"/></w:rPr><w:t>  </w:t></w:r><w:r><w:rPr><w:rFonts w:ascii="Monaco" w:h-ansi="Monaco" w:cs="Monaco"/><wx:font wx:val="Monaco"/><w:sz w:val="22"/><w:sz-cs w:val="22"/><w:color w:val="3F5FBF"/></w:rPr><w:t>&lt;!-- Configure java.util.logging --&gt;</w:t></w:r><w:r><w:rPr><w:rFonts w:ascii="Monaco" w:h-ansi="Monaco" w:cs="Monaco"/><wx:font wx:val="Monaco"/><w:sz w:val="22"/><w:sz-cs w:val="22"/></w:rPr><w:t></w:t></w:r></w:p><w:p><w:pPr></w:pPr><w:r><w:rPr><w:rFonts w:ascii="Monaco" w:h-ansi="Monaco" w:cs="Monaco"/><wx:font wx:val="Monaco"/><w:sz w:val="22"/><w:sz-cs w:val="22"/></w:rPr><w:t>  </w:t></w:r><w:r><w:rPr><w:rFonts w:ascii="Monaco" w:h-ansi="Monaco" w:cs="Monaco"/><wx:font wx:val="Monaco"/><w:sz w:val="22"/><w:sz-cs w:val="22"/><w:color w:val="008080"/></w:rPr><w:t>&lt;</w:t></w:r><w:r><w:rPr><w:rFonts w:ascii="Monaco" w:h-ansi="Monaco" w:cs="Monaco"/><wx:font wx:val="Monaco"/><w:sz w:val="22"/><w:sz-cs w:val="22"/><w:color w:val="3F7F7F"/></w:rPr><w:t>system-properties</w:t></w:r><w:r><w:rPr><w:rFonts w:ascii="Monaco" w:h-ansi="Monaco" w:cs="Monaco"/><wx:font wx:val="Monaco"/><w:sz w:val="22"/><w:sz-cs w:val="22"/><w:color w:val="008080"/></w:rPr><w:t>&gt;</w:t></w:r><w:r><w:rPr><w:rFonts w:ascii="Monaco" w:h-ansi="Monaco" w:cs="Monaco"/><wx:font wx:val="Monaco"/><w:sz w:val="22"/><w:sz-cs w:val="22"/></w:rPr><w:t></w:t></w:r></w:p><w:p><w:pPr></w:pPr><w:r><w:rPr><w:rFonts w:ascii="Monaco" w:h-ansi="Monaco" w:cs="Monaco"/><wx:font wx:val="Monaco"/><w:sz w:val="22"/><w:sz-cs w:val="22"/></w:rPr><w:t>    </w:t></w:r><w:r><w:rPr><w:rFonts w:ascii="Monaco" w:h-ansi="Monaco" w:cs="Monaco"/><wx:font wx:val="Monaco"/><w:sz w:val="22"/><w:sz-cs w:val="22"/><w:color w:val="008080"/></w:rPr><w:t>&lt;</w:t></w:r><w:r><w:rPr><w:rFonts w:ascii="Monaco" w:h-ansi="Monaco" w:cs="Monaco"/><wx:font wx:val="Monaco"/><w:sz w:val="22"/><w:sz-cs w:val="22"/><w:color w:val="3F7F7F"/></w:rPr><w:t>property</w:t></w:r><w:r><w:rPr><w:rFonts w:ascii="Monaco" w:h-ansi="Monaco" w:cs="Monaco"/><wx:font wx:val="Monaco"/><w:sz w:val="22"/><w:sz-cs w:val="22"/></w:rPr><w:t> </w:t></w:r><w:r><w:rPr><w:rFonts w:ascii="Monaco" w:h-ansi="Monaco" w:cs="Monaco"/><wx:font wx:val="Monaco"/><w:sz w:val="22"/><w:sz-cs w:val="22"/><w:color w:val="7F007F"/></w:rPr><w:t>name</w:t></w:r><w:r><w:rPr><w:rFonts w:ascii="Monaco" w:h-ansi="Monaco" w:cs="Monaco"/><wx:font wx:val="Monaco"/><w:sz w:val="22"/><w:sz-cs w:val="22"/></w:rPr><w:t>=</w:t></w:r><w:r><w:rPr><w:rFonts w:ascii="Monaco" w:h-ansi="Monaco" w:cs="Monaco"/><wx:font wx:val="Monaco"/><w:sz w:val="22"/><w:sz-cs w:val="22"/><w:color w:val="2A00FF"/></w:rPr><w:t>"java.util.logging.config.file"</w:t></w:r><w:r><w:rPr><w:rFonts w:ascii="Monaco" w:h-ansi="Monaco" w:cs="Monaco"/><wx:font wx:val="Monaco"/><w:sz w:val="22"/><w:sz-cs w:val="22"/></w:rPr><w:t> </w:t></w:r><w:r><w:rPr><w:rFonts w:ascii="Monaco" w:h-ansi="Monaco" w:cs="Monaco"/><wx:font wx:val="Monaco"/><w:sz w:val="22"/><w:sz-cs w:val="22"/><w:color w:val="7F007F"/></w:rPr><w:t>value</w:t></w:r><w:r><w:rPr><w:rFonts w:ascii="Monaco" w:h-ansi="Monaco" w:cs="Monaco"/><wx:font wx:val="Monaco"/><w:sz w:val="22"/><w:sz-cs w:val="22"/></w:rPr><w:t>=</w:t></w:r><w:r><w:rPr><w:rFonts w:ascii="Monaco" w:h-ansi="Monaco" w:cs="Monaco"/><wx:font wx:val="Monaco"/><w:sz w:val="22"/><w:sz-cs w:val="22"/><w:color w:val="2A00FF"/></w:rPr><w:t>"WEB-INF/logging.properties"</w:t></w:r><w:r><w:rPr><w:rFonts w:ascii="Monaco" w:h-ansi="Monaco" w:cs="Monaco"/><wx:font wx:val="Monaco"/><w:sz w:val="22"/><w:sz-cs w:val="22"/><w:color w:val="008080"/></w:rPr><w:t>/&gt;</w:t></w:r><w:r><w:rPr><w:rFonts w:ascii="Monaco" w:h-ansi="Monaco" w:cs="Monaco"/><wx:font wx:val="Monaco"/><w:sz w:val="22"/><w:sz-cs w:val="22"/></w:rPr><w:t></w:t></w:r></w:p><w:p><w:pPr></w:pPr><w:r><w:rPr><w:rFonts w:ascii="Monaco" w:h-ansi="Monaco" w:cs="Monaco"/><wx:font wx:val="Monaco"/><w:sz w:val="22"/><w:sz-cs w:val="22"/></w:rPr><w:t>    </w:t></w:r><w:r><w:rPr><w:rFonts w:ascii="Monaco" w:h-ansi="Monaco" w:cs="Monaco"/><wx:font wx:val="Monaco"/><w:sz w:val="22"/><w:sz-cs w:val="22"/><w:color w:val="008080"/></w:rPr><w:t>&lt;</w:t></w:r><w:r><w:rPr><w:rFonts w:ascii="Monaco" w:h-ansi="Monaco" w:cs="Monaco"/><wx:font wx:val="Monaco"/><w:sz w:val="22"/><w:sz-cs w:val="22"/><w:color w:val="3F7F7F"/></w:rPr><w:t>property</w:t></w:r><w:r><w:rPr><w:rFonts w:ascii="Monaco" w:h-ansi="Monaco" w:cs="Monaco"/><wx:font wx:val="Monaco"/><w:sz w:val="22"/><w:sz-cs w:val="22"/></w:rPr><w:t> </w:t></w:r><w:r><w:rPr><w:rFonts w:ascii="Monaco" w:h-ansi="Monaco" w:cs="Monaco"/><wx:font wx:val="Monaco"/><w:sz w:val="22"/><w:sz-cs w:val="22"/><w:color w:val="7F007F"/></w:rPr><w:t>name</w:t></w:r><w:r><w:rPr><w:rFonts w:ascii="Monaco" w:h-ansi="Monaco" w:cs="Monaco"/><wx:font wx:val="Monaco"/><w:sz w:val="22"/><w:sz-cs w:val="22"/></w:rPr><w:t>=</w:t></w:r><w:r><w:rPr><w:rFonts w:ascii="Monaco" w:h-ansi="Monaco" w:cs="Monaco"/><wx:font wx:val="Monaco"/><w:sz w:val="22"/><w:sz-cs w:val="22"/><w:color w:val="2A00FF"/></w:rPr><w:t>"css_path"</w:t></w:r><w:r><w:rPr><w:rFonts w:ascii="Monaco" w:h-ansi="Monaco" w:cs="Monaco"/><wx:font wx:val="Monaco"/><w:sz w:val="22"/><w:sz-cs w:val="22"/></w:rPr><w:t> </w:t></w:r><w:r><w:rPr><w:rFonts w:ascii="Monaco" w:h-ansi="Monaco" w:cs="Monaco"/><wx:font wx:val="Monaco"/><w:sz w:val="22"/><w:sz-cs w:val="22"/><w:color w:val="7F007F"/></w:rPr><w:t>value</w:t></w:r><w:r><w:rPr><w:rFonts w:ascii="Monaco" w:h-ansi="Monaco" w:cs="Monaco"/><wx:font wx:val="Monaco"/><w:sz w:val="22"/><w:sz-cs w:val="22"/></w:rPr><w:t>=</w:t></w:r><w:r><w:rPr><w:rFonts w:ascii="Monaco" w:h-ansi="Monaco" w:cs="Monaco"/><wx:font wx:val="Monaco"/><w:sz w:val="22"/><w:sz-cs w:val="22"/><w:color w:val="2A00FF"/></w:rPr><w:t>"/css/1.0"</w:t></w:r><w:r><w:rPr><w:rFonts w:ascii="Monaco" w:h-ansi="Monaco" w:cs="Monaco"/><wx:font wx:val="Monaco"/><w:sz w:val="22"/><w:sz-cs w:val="22"/></w:rPr><w:t> </w:t></w:r><w:r><w:rPr><w:rFonts w:ascii="Monaco" w:h-ansi="Monaco" w:cs="Monaco"/><wx:font wx:val="Monaco"/><w:sz w:val="22"/><w:sz-cs w:val="22"/><w:color w:val="008080"/></w:rPr><w:t>/&gt;</w:t></w:r><w:r><w:rPr><w:rFonts w:ascii="Monaco" w:h-ansi="Monaco" w:cs="Monaco"/><wx:font wx:val="Monaco"/><w:sz w:val="22"/><w:sz-cs w:val="22"/></w:rPr><w:t></w:t></w:r></w:p><w:p><w:pPr></w:pPr><w:r><w:rPr><w:rFonts w:ascii="Monaco" w:h-ansi="Monaco" w:cs="Monaco"/><wx:font wx:val="Monaco"/><w:sz w:val="22"/><w:sz-cs w:val="22"/></w:rPr><w:t>  </w:t></w:r><w:r><w:rPr><w:rFonts w:ascii="Monaco" w:h-ansi="Monaco" w:cs="Monaco"/><wx:font wx:val="Monaco"/><w:sz w:val="22"/><w:sz-cs w:val="22"/><w:color w:val="008080"/></w:rPr><w:t>&lt;/</w:t></w:r><w:r><w:rPr><w:rFonts w:ascii="Monaco" w:h-ansi="Monaco" w:cs="Monaco"/><wx:font wx:val="Monaco"/><w:sz w:val="22"/><w:sz-cs w:val="22"/><w:color w:val="3F7F7F"/></w:rPr><w:t>system-properties</w:t></w:r><w:r><w:rPr><w:rFonts w:ascii="Monaco" w:h-ansi="Monaco" w:cs="Monaco"/><wx:font wx:val="Monaco"/><w:sz w:val="22"/><w:sz-cs w:val="22"/><w:color w:val="008080"/></w:rPr><w:t>&gt;</w:t></w:r><w:r><w:rPr><w:rFonts w:ascii="Monaco" w:h-ansi="Monaco" w:cs="Monaco"/><wx:font wx:val="Monaco"/><w:sz w:val="22"/><w:sz-cs w:val="22"/></w:rPr><w:t></w:t></w:r></w:p><w:p><w:pPr></w:pPr><w:r><w:rPr><w:rFonts w:ascii="Monaco" w:h-ansi="Monaco" w:cs="Monaco"/><wx:font wx:val="Monaco"/><w:sz w:val="22"/><w:sz-cs w:val="22"/></w:rPr><w:t>  </w:t></w:r><w:r><w:rPr><w:rFonts w:ascii="Monaco" w:h-ansi="Monaco" w:cs="Monaco"/><wx:font wx:val="Monaco"/><w:sz w:val="22"/><w:sz-cs w:val="22"/><w:color w:val="008080"/></w:rPr><w:t>&lt;</w:t></w:r><w:r><w:rPr><w:rFonts w:ascii="Monaco" w:h-ansi="Monaco" w:cs="Monaco"/><wx:font wx:val="Monaco"/><w:sz w:val="22"/><w:sz-cs w:val="22"/><w:color w:val="3F7F7F"/></w:rPr><w:t>ssl-enabled</w:t></w:r><w:r><w:rPr><w:rFonts w:ascii="Monaco" w:h-ansi="Monaco" w:cs="Monaco"/><wx:font wx:val="Monaco"/><w:sz w:val="22"/><w:sz-cs w:val="22"/><w:color w:val="008080"/></w:rPr><w:t>&gt;</w:t></w:r><w:r><w:rPr><w:rFonts w:ascii="Monaco" w:h-ansi="Monaco" w:cs="Monaco"/><wx:font wx:val="Monaco"/><w:sz w:val="22"/><w:sz-cs w:val="22"/></w:rPr><w:t>true</w:t></w:r><w:r><w:rPr><w:rFonts w:ascii="Monaco" w:h-ansi="Monaco" w:cs="Monaco"/><wx:font wx:val="Monaco"/><w:sz w:val="22"/><w:sz-cs w:val="22"/><w:color w:val="008080"/></w:rPr><w:t>&lt;/</w:t></w:r><w:r><w:rPr><w:rFonts w:ascii="Monaco" w:h-ansi="Monaco" w:cs="Monaco"/><wx:font wx:val="Monaco"/><w:sz w:val="22"/><w:sz-cs w:val="22"/><w:color w:val="3F7F7F"/></w:rPr><w:t>ssl-enabled</w:t></w:r><w:r><w:rPr><w:rFonts w:ascii="Monaco" w:h-ansi="Monaco" w:cs="Monaco"/><wx:font wx:val="Monaco"/><w:sz w:val="22"/><w:sz-cs w:val="22"/><w:color w:val="008080"/></w:rPr><w:t>&gt;</w:t></w:r><w:r><w:rPr><w:rFonts w:ascii="Monaco" w:h-ansi="Monaco" w:cs="Monaco"/><wx:font wx:val="Monaco"/><w:sz w:val="22"/><w:sz-cs w:val="22"/></w:rPr><w:t></w:t></w:r></w:p><w:p><w:pPr></w:pPr><w:r><w:rPr><w:rFonts w:ascii="Monaco" w:h-ansi="Monaco" w:cs="Monaco"/><wx:font wx:val="Monaco"/><w:sz w:val="22"/><w:sz-cs w:val="22"/></w:rPr><w:t>  </w:t></w:r><w:r><w:rPr><w:rFonts w:ascii="Monaco" w:h-ansi="Monaco" w:cs="Monaco"/><wx:font wx:val="Monaco"/><w:sz w:val="22"/><w:sz-cs w:val="22"/><w:color w:val="008080"/></w:rPr><w:t>&lt;</w:t></w:r><w:r><w:rPr><w:rFonts w:ascii="Monaco" w:h-ansi="Monaco" w:cs="Monaco"/><wx:font wx:val="Monaco"/><w:sz w:val="22"/><w:sz-cs w:val="22"/><w:color w:val="3F7F7F"/></w:rPr><w:t>sessions-enabled</w:t></w:r><w:r><w:rPr><w:rFonts w:ascii="Monaco" w:h-ansi="Monaco" w:cs="Monaco"/><wx:font wx:val="Monaco"/><w:sz w:val="22"/><w:sz-cs w:val="22"/><w:color w:val="008080"/></w:rPr><w:t>&gt;</w:t></w:r><w:r><w:rPr><w:rFonts w:ascii="Monaco" w:h-ansi="Monaco" w:cs="Monaco"/><wx:font wx:val="Monaco"/><w:sz w:val="22"/><w:sz-cs w:val="22"/></w:rPr><w:t>true</w:t></w:r><w:r><w:rPr><w:rFonts w:ascii="Monaco" w:h-ansi="Monaco" w:cs="Monaco"/><wx:font wx:val="Monaco"/><w:sz w:val="22"/><w:sz-cs w:val="22"/><w:color w:val="008080"/></w:rPr><w:t>&lt;/</w:t></w:r><w:r><w:rPr><w:rFonts w:ascii="Monaco" w:h-ansi="Monaco" w:cs="Monaco"/><wx:font wx:val="Monaco"/><w:sz w:val="22"/><w:sz-cs w:val="22"/><w:color w:val="3F7F7F"/></w:rPr><w:t>sessions-enabled</w:t></w:r><w:r><w:rPr><w:rFonts w:ascii="Monaco" w:h-ansi="Monaco" w:cs="Monaco"/><wx:font wx:val="Monaco"/><w:sz w:val="22"/><w:sz-cs w:val="22"/><w:color w:val="008080"/></w:rPr><w:t>&gt;</w:t></w:r><w:r><w:rPr><w:rFonts w:ascii="Monaco" w:h-ansi="Monaco" w:cs="Monaco"/><wx:font wx:val="Monaco"/><w:sz w:val="22"/><w:sz-cs w:val="22"/></w:rPr><w:t></w:t></w:r></w:p><w:p><w:pPr></w:pPr><w:r><w:rPr><w:rFonts w:ascii="Monaco" w:h-ansi="Monaco" w:cs="Monaco"/><wx:font wx:val="Monaco"/><w:sz w:val="22"/><w:sz-cs w:val="22"/><w:color w:val="008080"/></w:rPr><w:t>&lt;/</w:t></w:r><w:r><w:rPr><w:rFonts w:ascii="Monaco" w:h-ansi="Monaco" w:cs="Monaco"/><wx:font wx:val="Monaco"/><w:sz w:val="22"/><w:sz-cs w:val="22"/><w:color w:val="3F7F7F"/></w:rPr><w:t>appengine-web-app</w:t></w:r><w:r><w:rPr><w:rFonts w:ascii="Monaco" w:h-ansi="Monaco" w:cs="Monaco"/><wx:font wx:val="Monaco"/><w:sz w:val="22"/><w:sz-cs w:val="22"/><w:color w:val="008080"/></w:rPr><w:t>&gt;</w:t></w:r><w:r><w:rPr><w:rFonts w:ascii="Monaco" w:h-ansi="Monaco" w:cs="Monaco"/><wx:font wx:val="Monaco"/><w:sz w:val="22"/><w:sz-cs w:val="22"/></w:rPr><w:t></w:t></w:r></w:p><w:sectPr><w:pgSz w:w="11900" w:h="16840"/><w:pgMar w:top="1440" w:right="1440" w:bottom="1440" w:left="1440"/></w:sectPr></wx:sect></w:body></w:wordDocument>